timestamp,series,trial_id,model,alpha,beta,return,sharpe,params_json
2025-07-24T11:46:02.985419,NEW_SERIES_FIXED_sac_20runs_250724_114602,,,,,,,
2025-07-24T11:48:28.278542,NEW_SERIES_FIXED_sac_20runs_250724_114828,,,,,,,
2025-07-24T12:00:43,FIXED_sac_20runs_250724_114828,trial_000,sac,0.752,0.036,0.2985,0.7849,"{""erl"": {""learning_rate"": 4.21016461159303e-05, ""batch_size"": 4096, ""gamma"": 0.9989652812396075, ""seed"": 312, ""net_dimension"": 1024, ""net_dims"": [256, 256], ""target_step"": 8192, ""horizon_len"": 4096, ""repeat_times"": 4.0, ""buffer_size"": 1000000, ""buffer_init_size"": 16384, ""if_use_per"": false, ""eval_gap"": 256, ""eval_times"": 16}, ""alpha"": 0.7523392858019977, ""beta"": 0.03639080558854646}"
2025-07-24T12:13:07,FIXED_sac_20runs_250724_114828,trial_001,sac,0.752,0.036,0.2900,0.7715,"{""erl"": {""learning_rate"": 4.21016461159303e-05, ""batch_size"": 4096, ""gamma"": 0.9989652812396075, ""seed"": 313, ""net_dimension"": 1024, ""net_dims"": [256, 256], ""target_step"": 8192, ""horizon_len"": 4096, ""repeat_times"": 4.0, ""buffer_size"": 1000000, ""buffer_init_size"": 16384, ""if_use_per"": false, ""eval_gap"": 256, ""eval_times"": 16}, ""alpha"": 0.7523392858019977, ""beta"": 0.03639080558854646}"
2025-07-24T12:25:10,FIXED_sac_20runs_250724_114828,trial_002,sac,0.752,0.036,0.0998,0.3990,"{""erl"": {""learning_rate"": 4.21016461159303e-05, ""batch_size"": 4096, ""gamma"": 0.9989652812396075, ""seed"": 314, ""net_dimension"": 1024, ""net_dims"": [256, 256], ""target_step"": 8192, ""horizon_len"": 4096, ""repeat_times"": 4.0, ""buffer_size"": 1000000, ""buffer_init_size"": 16384, ""if_use_per"": false, ""eval_gap"": 256, ""eval_times"": 16}, ""alpha"": 0.7523392858019977, ""beta"": 0.03639080558854646}"
2025-07-24T12:37:27,FIXED_sac_20runs_250724_114828,trial_003,sac,0.752,0.036,0.2361,0.7319,"{""erl"": {""learning_rate"": 4.21016461159303e-05, ""batch_size"": 4096, ""gamma"": 0.9989652812396075, ""seed"": 315, ""net_dimension"": 1024, ""net_dims"": [256, 256], ""target_step"": 8192, ""horizon_len"": 4096, ""repeat_times"": 4.0, ""buffer_size"": 1000000, ""buffer_init_size"": 16384, ""if_use_per"": false, ""eval_gap"": 256, ""eval_times"": 16}, ""alpha"": 0.7523392858019977, ""beta"": 0.03639080558854646}"
2025-07-24T12:49:50,FIXED_sac_20runs_250724_114828,trial_004,sac,0.752,0.036,0.3704,0.8780,"{""erl"": {""learning_rate"": 4.21016461159303e-05, ""batch_size"": 4096, ""gamma"": 0.9989652812396075, ""seed"": 316, ""net_dimension"": 1024, ""net_dims"": [256, 256], ""target_step"": 8192, ""horizon_len"": 4096, ""repeat_times"": 4.0, ""buffer_size"": 1000000, ""buffer_init_size"": 16384, ""if_use_per"": false, ""eval_gap"": 256, ""eval_times"": 16}, ""alpha"": 0.7523392858019977, ""beta"": 0.03639080558854646}"
2025-07-24T13:01:52,FIXED_sac_20runs_250724_114828,trial_005,sac,0.752,0.036,0.2772,0.8723,"{""erl"": {""learning_rate"": 4.21016461159303e-05, ""batch_size"": 4096, ""gamma"": 0.9989652812396075, ""seed"": 317, ""net_dimension"": 1024, ""net_dims"": [256, 256], ""target_step"": 8192, ""horizon_len"": 4096, ""repeat_times"": 4.0, ""buffer_size"": 1000000, ""buffer_init_size"": 16384, ""if_use_per"": false, ""eval_gap"": 256, ""eval_times"": 16}, ""alpha"": 0.7523392858019977, ""beta"": 0.03639080558854646}"
2025-07-24T13:14:20,FIXED_sac_20runs_250724_114828,trial_006,sac,0.752,0.036,0.2770,0.6928,"{""erl"": {""learning_rate"": 4.21016461159303e-05, ""batch_size"": 4096, ""gamma"": 0.9989652812396075, ""seed"": 318, ""net_dimension"": 1024, ""net_dims"": [256, 256], ""target_step"": 8192, ""horizon_len"": 4096, ""repeat_times"": 4.0, ""buffer_size"": 1000000, ""buffer_init_size"": 16384, ""if_use_per"": false, ""eval_gap"": 256, ""eval_times"": 16}, ""alpha"": 0.7523392858019977, ""beta"": 0.03639080558854646}"
2025-07-24T13:26:25,FIXED_sac_20runs_250724_114828,trial_007,sac,0.752,0.036,0.2980,0.7798,"{""erl"": {""learning_rate"": 4.21016461159303e-05, ""batch_size"": 4096, ""gamma"": 0.9989652812396075, ""seed"": 319, ""net_dimension"": 1024, ""net_dims"": [256, 256], ""target_step"": 8192, ""horizon_len"": 4096, ""repeat_times"": 4.0, ""buffer_size"": 1000000, ""buffer_init_size"": 16384, ""if_use_per"": false, ""eval_gap"": 256, ""eval_times"": 16}, ""alpha"": 0.7523392858019977, ""beta"": 0.03639080558854646}"
2025-07-24T13:38:32,FIXED_sac_20runs_250724_114828,trial_008,sac,0.752,0.036,0.4147,1.0053,"{""erl"": {""learning_rate"": 4.21016461159303e-05, ""batch_size"": 4096, ""gamma"": 0.9989652812396075, ""seed"": 320, ""net_dimension"": 1024, ""net_dims"": [256, 256], ""target_step"": 8192, ""horizon_len"": 4096, ""repeat_times"": 4.0, ""buffer_size"": 1000000, ""buffer_init_size"": 16384, ""if_use_per"": false, ""eval_gap"": 256, ""eval_times"": 16}, ""alpha"": 0.7523392858019977, ""beta"": 0.03639080558854646}"
2025-07-24T13:50:47,FIXED_sac_20runs_250724_114828,trial_009,sac,0.752,0.036,0.2743,0.7612,"{""erl"": {""learning_rate"": 4.21016461159303e-05, ""batch_size"": 4096, ""gamma"": 0.9989652812396075, ""seed"": 321, ""net_dimension"": 1024, ""net_dims"": [256, 256], ""target_step"": 8192, ""horizon_len"": 4096, ""repeat_times"": 4.0, ""buffer_size"": 1000000, ""buffer_init_size"": 16384, ""if_use_per"": false, ""eval_gap"": 256, ""eval_times"": 16}, ""alpha"": 0.7523392858019977, ""beta"": 0.03639080558854646}"
2025-07-24T14:02:58,FIXED_sac_20runs_250724_114828,trial_010,sac,0.752,0.036,0.4808,1.0283,"{""erl"": {""learning_rate"": 4.21016461159303e-05, ""batch_size"": 4096, ""gamma"": 0.9989652812396075, ""seed"": 322, ""net_dimension"": 1024, ""net_dims"": [256, 256], ""target_step"": 8192, ""horizon_len"": 4096, ""repeat_times"": 4.0, ""buffer_size"": 1000000, ""buffer_init_size"": 16384, ""if_use_per"": false, ""eval_gap"": 256, ""eval_times"": 16}, ""alpha"": 0.7523392858019977, ""beta"": 0.03639080558854646}"
2025-07-24T14:15:02,FIXED_sac_20runs_250724_114828,trial_011,sac,0.752,0.036,0.1688,0.3845,"{""erl"": {""learning_rate"": 4.21016461159303e-05, ""batch_size"": 4096, ""gamma"": 0.9989652812396075, ""seed"": 323, ""net_dimension"": 1024, ""net_dims"": [256, 256], ""target_step"": 8192, ""horizon_len"": 4096, ""repeat_times"": 4.0, ""buffer_size"": 1000000, ""buffer_init_size"": 16384, ""if_use_per"": false, ""eval_gap"": 256, ""eval_times"": 16}, ""alpha"": 0.7523392858019977, ""beta"": 0.03639080558854646}"
2025-07-24T14:27:30,FIXED_sac_20runs_250724_114828,trial_012,sac,0.752,0.036,0.5387,1.1788,"{""erl"": {""learning_rate"": 4.21016461159303e-05, ""batch_size"": 4096, ""gamma"": 0.9989652812396075, ""seed"": 324, ""net_dimension"": 1024, ""net_dims"": [256, 256], ""target_step"": 8192, ""horizon_len"": 4096, ""repeat_times"": 4.0, ""buffer_size"": 1000000, ""buffer_init_size"": 16384, ""if_use_per"": false, ""eval_gap"": 256, ""eval_times"": 16}, ""alpha"": 0.7523392858019977, ""beta"": 0.03639080558854646}"
2025-07-24T14:39:33,FIXED_sac_20runs_250724_114828,trial_013,sac,0.752,0.036,0.4520,1.0098,"{""erl"": {""learning_rate"": 4.21016461159303e-05, ""batch_size"": 4096, ""gamma"": 0.9989652812396075, ""seed"": 325, ""net_dimension"": 1024, ""net_dims"": [256, 256], ""target_step"": 8192, ""horizon_len"": 4096, ""repeat_times"": 4.0, ""buffer_size"": 1000000, ""buffer_init_size"": 16384, ""if_use_per"": false, ""eval_gap"": 256, ""eval_times"": 16}, ""alpha"": 0.7523392858019977, ""beta"": 0.03639080558854646}"
2025-07-24T14:51:38,FIXED_sac_20runs_250724_114828,trial_014,sac,0.752,0.036,0.2325,0.6087,"{""erl"": {""learning_rate"": 4.21016461159303e-05, ""batch_size"": 4096, ""gamma"": 0.9989652812396075, ""seed"": 326, ""net_dimension"": 1024, ""net_dims"": [256, 256], ""target_step"": 8192, ""horizon_len"": 4096, ""repeat_times"": 4.0, ""buffer_size"": 1000000, ""buffer_init_size"": 16384, ""if_use_per"": false, ""eval_gap"": 256, ""eval_times"": 16}, ""alpha"": 0.7523392858019977, ""beta"": 0.03639080558854646}"
2025-07-24T15:03:45,FIXED_sac_20runs_250724_114828,trial_015,sac,0.752,0.036,0.2069,0.5623,"{""erl"": {""learning_rate"": 4.21016461159303e-05, ""batch_size"": 4096, ""gamma"": 0.9989652812396075, ""seed"": 327, ""net_dimension"": 1024, ""net_dims"": [256, 256], ""target_step"": 8192, ""horizon_len"": 4096, ""repeat_times"": 4.0, ""buffer_size"": 1000000, ""buffer_init_size"": 16384, ""if_use_per"": false, ""eval_gap"": 256, ""eval_times"": 16}, ""alpha"": 0.7523392858019977, ""beta"": 0.03639080558854646}"
2025-07-24T15:15:39,FIXED_sac_20runs_250724_114828,trial_016,sac,0.752,0.036,0.1087,0.3235,"{""erl"": {""learning_rate"": 4.21016461159303e-05, ""batch_size"": 4096, ""gamma"": 0.9989652812396075, ""seed"": 328, ""net_dimension"": 1024, ""net_dims"": [256, 256], ""target_step"": 8192, ""horizon_len"": 4096, ""repeat_times"": 4.0, ""buffer_size"": 1000000, ""buffer_init_size"": 16384, ""if_use_per"": false, ""eval_gap"": 256, ""eval_times"": 16}, ""alpha"": 0.7523392858019977, ""beta"": 0.03639080558854646}"
2025-07-24T15:27:34,FIXED_sac_20runs_250724_114828,trial_017,sac,0.752,0.036,0.3309,0.8803,"{""erl"": {""learning_rate"": 4.21016461159303e-05, ""batch_size"": 4096, ""gamma"": 0.9989652812396075, ""seed"": 329, ""net_dimension"": 1024, ""net_dims"": [256, 256], ""target_step"": 8192, ""horizon_len"": 4096, ""repeat_times"": 4.0, ""buffer_size"": 1000000, ""buffer_init_size"": 16384, ""if_use_per"": false, ""eval_gap"": 256, ""eval_times"": 16}, ""alpha"": 0.7523392858019977, ""beta"": 0.03639080558854646}"
2025-07-24T15:39:32,FIXED_sac_20runs_250724_114828,trial_018,sac,0.752,0.036,0.4382,1.1749,"{""erl"": {""learning_rate"": 4.21016461159303e-05, ""batch_size"": 4096, ""gamma"": 0.9989652812396075, ""seed"": 330, ""net_dimension"": 1024, ""net_dims"": [256, 256], ""target_step"": 8192, ""horizon_len"": 4096, ""repeat_times"": 4.0, ""buffer_size"": 1000000, ""buffer_init_size"": 16384, ""if_use_per"": false, ""eval_gap"": 256, ""eval_times"": 16}, ""alpha"": 0.7523392858019977, ""beta"": 0.03639080558854646}"
2025-07-24T15:51:35,FIXED_sac_20runs_250724_114828,trial_019,sac,0.752,0.036,0.3285,1.0078,"{""erl"": {""learning_rate"": 4.21016461159303e-05, ""batch_size"": 4096, ""gamma"": 0.9989652812396075, ""seed"": 331, ""net_dimension"": 1024, ""net_dims"": [256, 256], ""target_step"": 8192, ""horizon_len"": 4096, ""repeat_times"": 4.0, ""buffer_size"": 1000000, ""buffer_init_size"": 16384, ""if_use_per"": false, ""eval_gap"": 256, ""eval_times"": 16}, ""alpha"": 0.7523392858019977, ""beta"": 0.03639080558854646}"
2025-07-25T11:45:05.489026,NEW_SERIES_FIXED_sac_20runs_250725_114505,,,,,,,
2025-07-25T11:48:57,FIXED_sac_20runs_250725_114505,trial_000,sac,0.752,0.036,0.0614,0.5997,"{""erl"": {""learning_rate"": 4.21016461159303e-05, ""batch_size"": 4096, ""gamma"": 0.9989652812396075, ""seed"": 312, ""net_dimension"": 1024, ""net_dims"": [256, 256], ""target_step"": 8192, ""horizon_len"": 4096, ""repeat_times"": 4.0, ""buffer_size"": 1000000, ""buffer_init_size"": 16384, ""if_use_per"": false, ""eval_gap"": 256, ""eval_times"": 16}, ""alpha"": 0.7523392858019977, ""beta"": 0.03639080558854646}"
2025-07-25T11:52:18,FIXED_sac_20runs_250725_114505,trial_001,sac,0.752,0.036,0.0065,0.1045,"{""erl"": {""learning_rate"": 4.21016461159303e-05, ""batch_size"": 4096, ""gamma"": 0.9989652812396075, ""seed"": 313, ""net_dimension"": 1024, ""net_dims"": [256, 256], ""target_step"": 8192, ""horizon_len"": 4096, ""repeat_times"": 4.0, ""buffer_size"": 1000000, ""buffer_init_size"": 16384, ""if_use_per"": false, ""eval_gap"": 256, ""eval_times"": 16}, ""alpha"": 0.7523392858019977, ""beta"": 0.03639080558854646}"
