timestamp,series,trial_id,mode,model,alpha,beta,sharpe_w,return,sharpe,reward,params_json
2025-07-19T14:09:00.995996,NEW_SERIES_SINGLE_sac_50trials_250719_140900,,,,,,,,,,
2025-07-19T14:28:49,SINGLE_sac_50trials_250719_140900,trial_000,single,sac,0.812,0.062,0.83,0.2394,0.6454,0.7769,"{""erl"": {""learning_rate"": 0.00011170504830562686, ""batch_size"": 2048, ""gamma"": 0.9989392969978391, ""net_dimension"": 512, ""net_dims"": [1024, 1024], ""target_step"": 8192, ""horizon_len"": 2048, ""repeat_times"": 2.0, ""buffer_size"": 2000000, ""buffer_init_size"": 32768, ""eval_gap"": 64, ""eval_times"": 16}, ""alpha"": 0.812016871404634, ""beta"": 0.062486091092700924, ""sharpe_w"": 0.8327168804439208}"
2025-07-19T14:48:29,SINGLE_sac_50trials_250719_140900,trial_001,single,sac,0.750,0.479,0.05,0.1369,0.2751,0.1519,"{""erl"": {""learning_rate"": 0.00023178728024153875, ""batch_size"": 4096, ""gamma"": 0.9563001589899605, ""net_dimension"": 1024, ""net_dims"": [1024, 1024], ""target_step"": 8192, ""horizon_len"": 2048, ""repeat_times"": 2.0, ""buffer_size"": 2000000, ""buffer_init_size"": 32768, ""eval_gap"": 64, ""eval_times"": 16}, ""alpha"": 0.7500140401999816, ""beta"": 0.4787790742713343, ""sharpe_w"": 0.05453774889274221}"
2025-07-19T15:08:06,SINGLE_sac_50trials_250719_140900,trial_002,single,sac,0.778,0.226,0.16,0.2515,0.6768,0.3577,"{""erl"": {""learning_rate"": 4.987453919619836e-05, ""batch_size"": 8192, ""gamma"": 0.987700495182445, ""net_dimension"": 256, ""net_dims"": [1024, 1024], ""target_step"": 8192, ""horizon_len"": 2048, ""repeat_times"": 2.0, ""buffer_size"": 2000000, ""buffer_init_size"": 32768, ""eval_gap"": 64, ""eval_times"": 16}, ""alpha"": 0.7779727014689342, ""beta"": 0.22626679909808584, ""sharpe_w"": 0.15695346976113778}"
2025-07-19T15:27:42,SINGLE_sac_50trials_250719_140900,trial_003,single,sac,1.166,0.267,0.44,0.1966,0.6109,0.4639,"{""erl"": {""learning_rate"": 6.356678728686021e-05, ""batch_size"": 4096, ""gamma"": 0.98270218905517, ""net_dimension"": 1024, ""net_dims"": [256, 256], ""target_step"": 8192, ""horizon_len"": 2048, ""repeat_times"": 2.0, ""buffer_size"": 2000000, ""buffer_init_size"": 32768, ""eval_gap"": 64, ""eval_times"": 16}, ""alpha"": 1.1661228064094575, ""beta"": 0.2670084763038948, ""sharpe_w"": 0.4376169130049381}"
2025-07-19T15:46:24,SINGLE_sac_50trials_250719_140900,trial_004,single,sac,0.901,0.191,0.33,0.3620,0.9116,0.6645,"{""erl"": {""learning_rate"": 0.00028801355680494655, ""batch_size"": 2048, ""gamma"": 0.9859259152885375, ""net_dimension"": 1024, ""net_dims"": [1024, 1024], ""target_step"": 8192, ""horizon_len"": 2048, ""repeat_times"": 2.0, ""buffer_size"": 2000000, ""buffer_init_size"": 32768, ""eval_gap"": 64, ""eval_times"": 16}, ""alpha"": 0.9007674675568069, ""beta"": 0.19147580535471442, ""sharpe_w"": 0.33181350031431367}"
2025-07-19T16:05:51,SINGLE_sac_50trials_250719_140900,trial_005,single,sac,1.232,0.096,0.59,0.2218,0.6808,0.6238,"{""erl"": {""learning_rate"": 0.0001781614011552088, ""batch_size"": 4096, ""gamma"": 0.9624727431660715, ""net_dimension"": 256, ""net_dims"": [1024, 1024], ""target_step"": 8192, ""horizon_len"": 2048, ""repeat_times"": 2.0, ""buffer_size"": 2000000, ""buffer_init_size"": 32768, ""eval_gap"": 64, ""eval_times"": 16}, ""alpha"": 1.2318854262710026, ""beta"": 0.09618528206077115, ""sharpe_w"": 0.5903897449529842}"
2025-07-19T16:25:40,SINGLE_sac_50trials_250719_140900,trial_006,single,sac,1.036,0.500,0.10,0.0622,0.1794,0.0796,"{""erl"": {""learning_rate"": 1.5504095070221504e-05, ""batch_size"": 8192, ""gamma"": 0.9557202479835178, ""net_dimension"": 256, ""net_dims"": [256, 256], ""target_step"": 8192, ""horizon_len"": 2048, ""repeat_times"": 2.0, ""buffer_size"": 2000000, ""buffer_init_size"": 32768, ""eval_gap"": 64, ""eval_times"": 16}, ""alpha"": 1.0364921895766372, ""beta"": 0.4997362735156449, ""sharpe_w"": 0.09705221593236413}"
2025-07-19T16:45:20,SINGLE_sac_50trials_250719_140900,trial_007,single,sac,0.758,0.116,0.92,0.3069,0.8709,1.1052,"{""erl"": {""learning_rate"": 0.0002504729227157336, ""batch_size"": 8192, ""gamma"": 0.993990389505967, ""net_dimension"": 512, ""net_dims"": [1024, 1024], ""target_step"": 8192, ""horizon_len"": 2048, ""repeat_times"": 2.0, ""buffer_size"": 2000000, ""buffer_init_size"": 32768, ""eval_gap"": 64, ""eval_times"": 16}, ""alpha"": 0.7578059684717546, ""beta"": 0.11615966356982022, ""sharpe_w"": 0.9165800396857816}"
2025-07-19T17:04:55,SINGLE_sac_50trials_250719_140900,trial_008,single,sac,1.132,0.282,0.97,0.2737,0.8242,1.0732,"{""erl"": {""learning_rate"": 3.6889745743753464e-05, ""batch_size"": 2048, ""gamma"": 0.9767826831032328, ""net_dimension"": 256, ""net_dims"": [512, 512], ""target_step"": 8192, ""horizon_len"": 2048, ""repeat_times"": 2.0, ""buffer_size"": 2000000, ""buffer_init_size"": 32768, ""eval_gap"": 64, ""eval_times"": 16}, ""alpha"": 1.1322767503018343, ""beta"": 0.2820844097677694, ""sharpe_w"": 0.9699399954851855}"
2025-07-19T17:24:28,SINGLE_sac_50trials_250719_140900,trial_009,single,sac,0.919,0.189,0.65,0.3333,0.9425,0.9462,"{""erl"": {""learning_rate"": 0.0001529704645754124, ""batch_size"": 8192, ""gamma"": 0.9758249797243492, ""net_dimension"": 512, ""net_dims"": [1024, 1024], ""target_step"": 8192, ""horizon_len"": 2048, ""repeat_times"": 2.0, ""buffer_size"": 2000000, ""buffer_init_size"": 32768, ""eval_gap"": 64, ""eval_times"": 16}, ""alpha"": 0.9186478672504123, ""beta"": 0.1894843036366875, ""sharpe_w"": 0.6502710109120909}"
2025-07-19T17:42:48,SINGLE_sac_50trials_250719_140900,trial_010,single,sac,0.710,0.407,0.79,0.5452,1.1482,1.4497,"{""erl"": {""learning_rate"": 1.6130867407839772e-05, ""batch_size"": 8192, ""gamma"": 0.9977334177983184, ""net_dimension"": 512, ""net_dims"": [512, 512], ""target_step"": 8192, ""horizon_len"": 2048, ""repeat_times"": 2.0, ""buffer_size"": 2000000, ""buffer_init_size"": 32768, ""eval_gap"": 64, ""eval_times"": 16}, ""alpha"": 0.7099902153469977, ""beta"": 0.406997159649583, ""sharpe_w"": 0.7877605026131154}"
2025-07-19T17:54:52,SINGLE_sac_50trials_250719_140900,trial_011,single,sac,0.710,0.377,0.79,0.1876,0.4681,0.5561,"{""erl"": {""learning_rate"": 1.2981361972779102e-05, ""batch_size"": 8192, ""gamma"": 0.9971208044584804, ""net_dimension"": 512, ""net_dims"": [512, 512], ""target_step"": 8192, ""horizon_len"": 2048, ""repeat_times"": 2.0, ""buffer_size"": 2000000, ""buffer_init_size"": 32768, ""eval_gap"": 64, ""eval_times"": 16}, ""alpha"": 0.7095425295739246, ""beta"": 0.37749943539682046, ""sharpe_w"": 0.787281219082794}"
2025-07-19T18:06:58,SINGLE_sac_50trials_250719_140900,trial_012,single,sac,0.864,0.368,0.99,-0.0445,-0.1290,-0.1727,"{""erl"": {""learning_rate"": 2.482918220010831e-05, ""batch_size"": 8192, ""gamma"": 0.9917433796221348, ""net_dimension"": 512, ""net_dims"": [512, 512], ""target_step"": 8192, ""horizon_len"": 2048, ""repeat_times"": 2.0, ""buffer_size"": 2000000, ""buffer_init_size"": 32768, ""eval_gap"": 64, ""eval_times"": 16}, ""alpha"": 0.8639998822775383, ""beta"": 0.3683581020803259, ""sharpe_w"": 0.9936011504089042}"
2025-07-19T18:18:59,SINGLE_sac_50trials_250719_140900,trial_013,single,sac,0.702,0.107,0.80,0.1658,0.4552,0.5282,"{""erl"": {""learning_rate"": 8.868375684207664e-05, ""batch_size"": 8192, ""gamma"": 0.9943617738105082, ""net_dimension"": 512, ""net_dims"": [512, 512], ""target_step"": 8192, ""horizon_len"": 2048, ""repeat_times"": 2.0, ""buffer_size"": 2000000, ""buffer_init_size"": 32768, ""eval_gap"": 64, ""eval_times"": 16}, ""alpha"": 0.702334585052275, ""beta"": 0.10692675887820036, ""sharpe_w"": 0.7962940567649451}"
2025-07-19T18:31:03,SINGLE_sac_50trials_250719_140900,trial_014,single,sac,0.997,0.001,0.68,-0.1033,-0.4186,-0.3874,"{""erl"": {""learning_rate"": 1.0426476803110676e-05, ""batch_size"": 8192, ""gamma"": 0.9679736556311727, ""net_dimension"": 512, ""net_dims"": [512, 512], ""target_step"": 8192, ""horizon_len"": 2048, ""repeat_times"": 2.0, ""buffer_size"": 2000000, ""buffer_init_size"": 32768, ""eval_gap"": 64, ""eval_times"": 16}, ""alpha"": 0.997415442791163, ""beta"": 0.0007876006878732578, ""sharpe_w"": 0.6785664715232027}"
2025-07-19T18:43:07,SINGLE_sac_50trials_250719_140900,trial_015,single,sac,0.840,0.360,0.85,0.3379,0.7544,0.9829,"{""erl"": {""learning_rate"": 2.3276634321508658e-05, ""batch_size"": 8192, ""gamma"": 0.9810438355910073, ""net_dimension"": 512, ""net_dims"": [256, 256], ""target_step"": 8192, ""horizon_len"": 2048, ""repeat_times"": 2.0, ""buffer_size"": 2000000, ""buffer_init_size"": 32768, ""eval_gap"": 64, ""eval_times"": 16}, ""alpha"": 0.8400058683855126, ""beta"": 0.36024055549640743, ""sharpe_w"": 0.854907372191319}"
2025-07-19T18:55:09,SINGLE_sac_50trials_250719_140900,trial_016,single,sac,0.961,0.429,0.49,0.2474,0.6701,0.5747,"{""erl"": {""learning_rate"": 3.2091795908425166e-05, ""batch_size"": 8192, ""gamma"": 0.9926774604921645, ""net_dimension"": 512, ""net_dims"": [512, 512], ""target_step"": 8192, ""horizon_len"": 2048, ""repeat_times"": 2.0, ""buffer_size"": 2000000, ""buffer_init_size"": 32768, ""eval_gap"": 64, ""eval_times"": 16}, ""alpha"": 0.9612953544991921, ""beta"": 0.42908375714608354, ""sharpe_w"": 0.4884734424442201}"
2025-07-19T19:07:12,SINGLE_sac_50trials_250719_140900,trial_017,single,sac,0.798,0.304,0.89,0.2256,0.7322,0.8772,"{""erl"": {""learning_rate"": 7.157494696822525e-05, ""batch_size"": 8192, ""gamma"": 0.9692598525778177, ""net_dimension"": 512, ""net_dims"": [512, 512], ""target_step"": 8192, ""horizon_len"": 2048, ""repeat_times"": 2.0, ""buffer_size"": 2000000, ""buffer_init_size"": 32768, ""eval_gap"": 64, ""eval_times"": 16}, ""alpha"": 0.7978161916664013, ""beta"": 0.3043231341635929, ""sharpe_w"": 0.8899055828525844}"
2025-07-19T19:19:13,SINGLE_sac_50trials_250719_140900,trial_018,single,sac,1.036,0.150,0.74,0.1974,0.5028,0.5683,"{""erl"": {""learning_rate"": 2.0091638635159412e-05, ""batch_size"": 2048, ""gamma"": 0.9880478430728492, ""net_dimension"": 512, ""net_dims"": [1024, 1024], ""target_step"": 8192, ""horizon_len"": 2048, ""repeat_times"": 2.0, ""buffer_size"": 2000000, ""buffer_init_size"": 32768, ""eval_gap"": 64, ""eval_times"": 16}, ""alpha"": 1.0360731402995207, ""beta"": 0.1498050191350422, ""sharpe_w"": 0.7376710224449391}"
2025-07-19T19:31:17,SINGLE_sac_50trials_250719_140900,trial_019,single,sac,0.752,0.036,0.30,0.8617,1.6076,1.3488,"{""erl"": {""learning_rate"": 4.21016461159303e-05, ""batch_size"": 4096, ""gamma"": 0.9989652812396075, ""net_dimension"": 1024, ""net_dims"": [256, 256], ""target_step"": 8192, ""horizon_len"": 2048, ""repeat_times"": 2.0, ""buffer_size"": 2000000, ""buffer_init_size"": 32768, ""eval_gap"": 64, ""eval_times"": 16}, ""alpha"": 0.7523392858019977, ""beta"": 0.03639080558854646, ""sharpe_w"": 0.30302125255060713}"
2025-07-19T19:43:21,SINGLE_sac_50trials_250719_140900,trial_020,single,sac,0.875,0.003,0.28,0.2349,0.6990,0.4328,"{""erl"": {""learning_rate"": 4.430596162305131e-05, ""batch_size"": 4096, ""gamma"": 0.9510896599228468, ""net_dimension"": 1024, ""net_dims"": [256, 256], ""target_step"": 8192, ""horizon_len"": 2048, ""repeat_times"": 2.0, ""buffer_size"": 2000000, ""buffer_init_size"": 32768, ""eval_gap"": 64, ""eval_times"": 16}, ""alpha"": 0.8746478298588412, ""beta"": 0.0031478087074575042, ""sharpe_w"": 0.28322107426972143}"
2025-07-19T19:55:26,SINGLE_sac_50trials_250719_140900,trial_021,single,sac,0.744,0.054,0.27,0.1780,0.5046,0.3129,"{""erl"": {""learning_rate"": 0.00011745288410184974, ""batch_size"": 4096, ""gamma"": 0.998822905640477, ""net_dimension"": 1024, ""net_dims"": [256, 256], ""target_step"": 8192, ""horizon_len"": 2048, ""repeat_times"": 2.0, ""buffer_size"": 2000000, ""buffer_init_size"": 32768, ""eval_gap"": 64, ""eval_times"": 16}, ""alpha"": 0.7441345263683827, ""beta"": 0.053728358271793064, ""sharpe_w"": 0.26744876399039663}"
2025-07-19T20:07:29,SINGLE_sac_50trials_250719_140900,trial_022,single,sac,0.776,0.147,0.39,0.1456,0.4562,0.3229,"{""erl"": {""learning_rate"": 3.220964215969123e-05, ""batch_size"": 4096, ""gamma"": 0.9909131796916003, ""net_dimension"": 1024, ""net_dims"": [256, 256], ""target_step"": 8192, ""horizon_len"": 2048, ""repeat_times"": 2.0, ""buffer_size"": 2000000, ""buffer_init_size"": 32768, ""eval_gap"": 64, ""eval_times"": 16}, ""alpha"": 0.775512026533116, ""beta"": 0.14686607702183951, ""sharpe_w"": 0.38861100629837}"
2025-07-19T20:19:35,SINGLE_sac_50trials_250719_140900,trial_023,single,sac,0.706,0.063,0.58,0.1372,0.4197,0.3818,"{""erl"": {""learning_rate"": 7.680134629854522e-05, ""batch_size"": 4096, ""gamma"": 0.9956133130700177, ""net_dimension"": 1024, ""net_dims"": [256, 256], ""target_step"": 8192, ""horizon_len"": 2048, ""repeat_times"": 2.0, ""buffer_size"": 2000000, ""buffer_init_size"": 32768, ""eval_gap"": 64, ""eval_times"": 16}, ""alpha"": 0.7061422971001065, ""beta"": 0.0633196385485956, ""sharpe_w"": 0.5830050300258649}"
2025-07-19T20:31:40,SINGLE_sac_50trials_250719_140900,trial_024,single,sac,0.825,0.313,0.92,0.1448,0.4762,0.5843,"{""erl"": {""learning_rate"": 1.7428611872970253e-05, ""batch_size"": 8192, ""gamma"": 0.9830688011578322, ""net_dimension"": 512, ""net_dims"": [256, 256], ""target_step"": 8192, ""horizon_len"": 2048, ""repeat_times"": 2.0, ""buffer_size"": 2000000, ""buffer_init_size"": 32768, ""eval_gap"": 64, ""eval_times"": 16}, ""alpha"": 0.825444280170383, ""beta"": 0.3134800190719761, ""sharpe_w"": 0.9227230894880385}"
2025-07-19T20:43:42,SINGLE_sac_50trials_250719_140900,trial_025,single,sac,0.756,0.434,0.53,0.1411,0.3248,0.3130,"{""erl"": {""learning_rate"": 5.1196430511375175e-05, ""batch_size"": 4096, ""gamma"": 0.990429134962318, ""net_dimension"": 1024, ""net_dims"": [1024, 1024], ""target_step"": 8192, ""horizon_len"": 2048, ""repeat_times"": 2.0, ""buffer_size"": 2000000, ""buffer_init_size"": 32768, ""eval_gap"": 64, ""eval_times"": 16}, ""alpha"": 0.7558156628090531, ""beta"": 0.4341239158435636, ""sharpe_w"": 0.5293290186576483}"
2025-07-19T20:55:45,SINGLE_sac_50trials_250719_140900,trial_026,single,sac,0.939,0.124,0.17,0.0947,0.2860,0.1443,"{""erl"": {""learning_rate"": 2.5236612612156208e-05, ""batch_size"": 8192, ""gamma"": 0.9948981011080449, ""net_dimension"": 512, ""net_dims"": [512, 512], ""target_step"": 8192, ""horizon_len"": 2048, ""repeat_times"": 2.0, ""buffer_size"": 2000000, ""buffer_init_size"": 32768, ""eval_gap"": 64, ""eval_times"": 16}, ""alpha"": 0.9391959991986092, ""beta"": 0.12402722922273471, ""sharpe_w"": 0.17328078799049}"
2025-07-19T21:07:48,SINGLE_sac_50trials_250719_140900,trial_027,single,sac,0.850,0.032,0.72,0.1142,0.3218,0.3449,"{""erl"": {""learning_rate"": 1.0618058327463096e-05, ""batch_size"": 4096, ""gamma"": 0.9864790631915419, ""net_dimension"": 1024, ""net_dims"": [512, 512], ""target_step"": 8192, ""horizon_len"": 2048, ""repeat_times"": 2.0, ""buffer_size"": 2000000, ""buffer_init_size"": 32768, ""eval_gap"": 64, ""eval_times"": 16}, ""alpha"": 0.8503932366394157, ""beta"": 0.032110457959340616, ""sharpe_w"": 0.7167290250801733}"
2025-07-19T21:19:50,SINGLE_sac_50trials_250719_140900,trial_028,single,sac,0.739,0.214,0.94,0.2555,0.6929,0.9058,"{""erl"": {""learning_rate"": 3.938470790792475e-05, ""batch_size"": 2048, ""gamma"": 0.9800243924614584, ""net_dimension"": 256, ""net_dims"": [1024, 1024], ""target_step"": 8192, ""horizon_len"": 2048, ""repeat_times"": 2.0, ""buffer_size"": 2000000, ""buffer_init_size"": 32768, ""eval_gap"": 64, ""eval_times"": 16}, ""alpha"": 0.7387033977435489, ""beta"": 0.2138484715406679, ""sharpe_w"": 0.9384254357792604}"
2025-07-19T21:31:54,SINGLE_sac_50trials_250719_140900,trial_029,single,sac,0.792,0.074,0.85,0.2023,0.5842,0.7014,"{""erl"": {""learning_rate"": 0.00010723426424009162, ""batch_size"": 8192, ""gamma"": 0.997591723914014, ""net_dimension"": 512, ""net_dims"": [256, 256], ""target_step"": 8192, ""horizon_len"": 2048, ""repeat_times"": 2.0, ""buffer_size"": 2000000, ""buffer_init_size"": 32768, ""eval_gap"": 64, ""eval_times"": 16}, ""alpha"": 0.7924198603527324, ""beta"": 0.07354757124126604, ""sharpe_w"": 0.8542550137841575}"
2025-07-19T21:43:57,SINGLE_sac_50trials_250719_140900,trial_030,single,sac,0.811,0.157,0.22,0.1630,0.4717,0.2684,"{""erl"": {""learning_rate"": 0.00015106682634243788, ""batch_size"": 2048, ""gamma"": 0.9977663113727202, ""net_dimension"": 512, ""net_dims"": [1024, 1024], ""target_step"": 8192, ""horizon_len"": 2048, ""repeat_times"": 2.0, ""buffer_size"": 2000000, ""buffer_init_size"": 32768, ""eval_gap"": 64, ""eval_times"": 16}, ""alpha"": 0.8105931476022097, ""beta"": 0.15666708480580574, ""sharpe_w"": 0.22355455073665853}"
2025-07-19T21:56:00,SINGLE_sac_50trials_250719_140900,trial_031,single,sac,1.141,0.269,0.99,0.2896,0.8862,1.1693,"{""erl"": {""learning_rate"": 3.0499662485746857e-05, ""batch_size"": 2048, ""gamma"": 0.9772685229924429, ""net_dimension"": 256, ""net_dims"": [512, 512], ""target_step"": 8192, ""horizon_len"": 2048, ""repeat_times"": 2.0, ""buffer_size"": 2000000, ""buffer_init_size"": 32768, ""eval_gap"": 64, ""eval_times"": 16}, ""alpha"": 1.1408991536805813, ""beta"": 0.269207135493748, ""sharpe_w"": 0.9927141979235333}"
2025-07-19T22:08:01,SINGLE_sac_50trials_250719_140900,trial_032,single,sac,1.279,0.418,0.99,0.2078,0.5627,0.7672,"{""erl"": {""learning_rate"": 2.9021439079506707e-05, ""batch_size"": 2048, ""gamma"": 0.9715979658432701, ""net_dimension"": 256, ""net_dims"": [512, 512], ""target_step"": 8192, ""horizon_len"": 2048, ""repeat_times"": 2.0, ""buffer_size"": 2000000, ""buffer_init_size"": 32768, ""eval_gap"": 64, ""eval_times"": 16}, ""alpha"": 1.2791425740235478, ""beta"": 0.4176240734669137, ""sharpe_w"": 0.9940773215265375}"
2025-07-19T22:20:03,SINGLE_sac_50trials_250719_140900,trial_033,single,sac,1.112,0.245,0.80,0.1287,0.4008,0.4503,"{""erl"": {""learning_rate"": 1.5191175361371361e-05, ""batch_size"": 2048, ""gamma"": 0.993621114172914, ""net_dimension"": 256, ""net_dims"": [512, 512], ""target_step"": 8192, ""horizon_len"": 2048, ""repeat_times"": 2.0, ""buffer_size"": 2000000, ""buffer_init_size"": 32768, ""eval_gap"": 64, ""eval_times"": 16}, ""alpha"": 1.112456569291591, ""beta"": 0.24506279146274243, ""sharpe_w"": 0.8024689715643343}"
2025-07-19T22:32:05,SINGLE_sac_50trials_250719_140900,trial_034,single,sac,1.078,0.329,0.90,0.2334,0.5790,0.7545,"{""erl"": {""learning_rate"": 5.9889996894209796e-05, ""batch_size"": 2048, ""gamma"": 0.9632351731024614, ""net_dimension"": 256, ""net_dims"": [512, 512], ""target_step"": 8192, ""horizon_len"": 2048, ""repeat_times"": 2.0, ""buffer_size"": 2000000, ""buffer_init_size"": 32768, ""eval_gap"": 64, ""eval_times"": 16}, ""alpha"": 1.0779776677574928, ""beta"": 0.32932178850822996, ""sharpe_w"": 0.899933990489919}"
2025-07-19T22:44:07,SINGLE_sac_50trials_250719_140900,trial_035,single,sac,1.185,0.033,0.02,0.3273,0.9500,0.3485,"{""erl"": {""learning_rate"": 2.0685622920735484e-05, ""batch_size"": 4096, ""gamma"": 0.9893532904968646, ""net_dimension"": 256, ""net_dims"": [1024, 1024], ""target_step"": 8192, ""horizon_len"": 2048, ""repeat_times"": 2.0, ""buffer_size"": 2000000, ""buffer_init_size"": 32768, ""eval_gap"": 64, ""eval_times"": 16}, ""alpha"": 1.1851633965136785, ""beta"": 0.03285954097896063, ""sharpe_w"": 0.0223360843522884}"
2025-07-19T22:56:10,SINGLE_sac_50trials_250719_140900,trial_036,single,sac,1.211,0.454,0.36,0.2025,0.5713,0.4105,"{""erl"": {""learning_rate"": 4.085118820075856e-05, ""batch_size"": 2048, ""gamma"": 0.9844506450425997, ""net_dimension"": 1024, ""net_dims"": [512, 512], ""target_step"": 8192, ""horizon_len"": 2048, ""repeat_times"": 2.0, ""buffer_size"": 2000000, ""buffer_init_size"": 32768, ""eval_gap"": 64, ""eval_times"": 16}, ""alpha"": 1.2108982401227508, ""beta"": 0.4539722661589834, ""sharpe_w"": 0.3640703220564523}"
2025-07-19T23:08:14,SINGLE_sac_50trials_250719_140900,trial_037,single,sac,1.283,0.189,0.86,0.0484,0.1089,0.1416,"{""erl"": {""learning_rate"": 0.00021102021288261363, ""batch_size"": 8192, ""gamma"": 0.9787682289404013, ""net_dimension"": 256, ""net_dims"": [1024, 1024], ""target_step"": 8192, ""horizon_len"": 2048, ""repeat_times"": 2.0, ""buffer_size"": 2000000, ""buffer_init_size"": 32768, ""eval_gap"": 64, ""eval_times"": 16}, ""alpha"": 1.2826274200829957, ""beta"": 0.18881357351264427, ""sharpe_w"": 0.8554542745401462}"
2025-07-19T23:20:16,SINGLE_sac_50trials_250719_140900,trial_038,single,sac,0.739,0.089,0.94,0.2228,0.6074,0.7932,"{""erl"": {""learning_rate"": 4.922260850578106e-05, ""batch_size"": 4096, ""gamma"": 0.9725064964821077, ""net_dimension"": 1024, ""net_dims"": [256, 256], ""target_step"": 8192, ""horizon_len"": 2048, ""repeat_times"": 2.0, ""buffer_size"": 2000000, ""buffer_init_size"": 32768, ""eval_gap"": 64, ""eval_times"": 16}, ""alpha"": 0.7389067972245835, ""beta"": 0.08940582383559753, ""sharpe_w"": 0.939042118223907}"
2025-07-19T23:32:20,SINGLE_sac_50trials_250719_140900,trial_039,single,sac,0.896,0.276,0.10,0.1713,0.5529,0.2267,"{""erl"": {""learning_rate"": 0.0002847017074406515, ""batch_size"": 2048, ""gamma"": 0.9958121682570026, ""net_dimension"": 256, ""net_dims"": [1024, 1024], ""target_step"": 8192, ""horizon_len"": 2048, ""repeat_times"": 2.0, ""buffer_size"": 2000000, ""buffer_init_size"": 32768, ""eval_gap"": 64, ""eval_times"": 16}, ""alpha"": 0.8955787308303621, ""beta"": 0.27579044643156164, ""sharpe_w"": 0.1002285412156087}"
2025-07-19T23:44:24,SINGLE_sac_50trials_250719_140900,trial_040,single,sac,0.764,0.232,0.46,0.3404,0.9714,0.7825,"{""erl"": {""learning_rate"": 1.3661572387250948e-05, ""batch_size"": 8192, ""gamma"": 0.9584108077236664, ""net_dimension"": 512, ""net_dims"": [512, 512], ""target_step"": 8192, ""horizon_len"": 2048, ""repeat_times"": 2.0, ""buffer_size"": 2000000, ""buffer_init_size"": 32768, ""eval_gap"": 64, ""eval_times"": 16}, ""alpha"": 0.7644814545280406, ""beta"": 0.23152968924146916, ""sharpe_w"": 0.45510092889515374}"
2025-07-19T23:56:26,SINGLE_sac_50trials_250719_140900,trial_041,single,sac,1.116,0.280,0.98,0.1289,0.2907,0.4124,"{""erl"": {""learning_rate"": 3.625502821198594e-05, ""batch_size"": 2048, ""gamma"": 0.9765672920481688, ""net_dimension"": 256, ""net_dims"": [512, 512], ""target_step"": 8192, ""horizon_len"": 2048, ""repeat_times"": 2.0, ""buffer_size"": 2000000, ""buffer_init_size"": 32768, ""eval_gap"": 64, ""eval_times"": 16}, ""alpha"": 1.115929793990564, ""beta"": 0.28010244093758596, ""sharpe_w"": 0.9755175815226068}"
2025-07-20T00:08:30,SINGLE_sac_50trials_250719_140900,trial_042,single,sac,1.095,0.384,0.76,0.2102,0.6367,0.6931,"{""erl"": {""learning_rate"": 2.79254383874957e-05, ""batch_size"": 2048, ""gamma"": 0.9773668072650108, ""net_dimension"": 256, ""net_dims"": [512, 512], ""target_step"": 8192, ""horizon_len"": 2048, ""repeat_times"": 2.0, ""buffer_size"": 2000000, ""buffer_init_size"": 32768, ""eval_gap"": 64, ""eval_times"": 16}, ""alpha"": 1.094501078199572, ""beta"": 0.38381258238356664, ""sharpe_w"": 0.7583181688077463}"
2025-07-20T00:20:33,SINGLE_sac_50trials_250719_140900,trial_043,single,sac,1.174,0.260,0.95,0.0545,0.1173,0.1662,"{""erl"": {""learning_rate"": 5.8308184521602585e-05, ""batch_size"": 2048, ""gamma"": 0.9737628722524656, ""net_dimension"": 256, ""net_dims"": [512, 512], ""target_step"": 8192, ""horizon_len"": 2048, ""repeat_times"": 2.0, ""buffer_size"": 2000000, ""buffer_init_size"": 32768, ""eval_gap"": 64, ""eval_times"": 16}, ""alpha"": 1.173613331366881, ""beta"": 0.25971389582201326, ""sharpe_w"": 0.952779797353875}"
2025-07-20T00:32:32,SINGLE_sac_50trials_250719_140900,trial_044,single,sac,1.141,0.344,0.90,0.3012,0.8312,1.0508,"{""erl"": {""learning_rate"": 4.6295158856347784e-05, ""batch_size"": 2048, ""gamma"": 0.9686534070745121, ""net_dimension"": 256, ""net_dims"": [512, 512], ""target_step"": 8192, ""horizon_len"": 2048, ""repeat_times"": 2.0, ""buffer_size"": 2000000, ""buffer_init_size"": 32768, ""eval_gap"": 64, ""eval_times"": 16}, ""alpha"": 1.1407847925339336, ""beta"": 0.34360280842014423, ""sharpe_w"": 0.901763359648248}"
2025-07-20T00:44:33,SINGLE_sac_50trials_250719_140900,trial_045,single,sac,1.231,0.206,1.00,0.2693,0.7384,1.0068,"{""erl"": {""learning_rate"": 3.654333769533784e-05, ""batch_size"": 8192, ""gamma"": 0.9818023150813182, ""net_dimension"": 256, ""net_dims"": [512, 512], ""target_step"": 8192, ""horizon_len"": 2048, ""repeat_times"": 2.0, ""buffer_size"": 2000000, ""buffer_init_size"": 32768, ""eval_gap"": 64, ""eval_times"": 16}, ""alpha"": 1.231174178451529, ""beta"": 0.20590692651201647, ""sharpe_w"": 0.9987800554917802}"
2025-07-20T00:56:34,SINGLE_sac_50trials_250719_140900,trial_046,single,sac,1.024,0.295,0.81,0.2065,0.6374,0.7258,"{""erl"": {""learning_rate"": 1.9245162918271914e-05, ""batch_size"": 8192, ""gamma"": 0.9632490720947574, ""net_dimension"": 512, ""net_dims"": [512, 512], ""target_step"": 8192, ""horizon_len"": 2048, ""repeat_times"": 2.0, ""buffer_size"": 2000000, ""buffer_init_size"": 32768, ""eval_gap"": 64, ""eval_times"": 16}, ""alpha"": 1.0235139488852074, ""beta"": 0.2946506798526036, ""sharpe_w"": 0.8146733130135041}"
2025-07-20T01:08:36,SINGLE_sac_50trials_250719_140900,trial_047,single,sac,1.064,0.489,0.62,0.1432,0.3978,0.3897,"{""erl"": {""learning_rate"": 9.077237246696387e-05, ""batch_size"": 2048, ""gamma"": 0.992910463060274, ""net_dimension"": 512, ""net_dims"": [1024, 1024], ""target_step"": 8192, ""horizon_len"": 2048, ""repeat_times"": 2.0, ""buffer_size"": 2000000, ""buffer_init_size"": 32768, ""eval_gap"": 64, ""eval_times"": 16}, ""alpha"": 1.0644508107140456, ""beta"": 0.48915747805510956, ""sharpe_w"": 0.619650509279401}"
2025-07-20T01:20:39,SINGLE_sac_50trials_250719_140900,trial_048,single,sac,0.972,0.390,0.68,0.2196,0.6551,0.6621,"{""erl"": {""learning_rate"": 6.822936576330417e-05, ""batch_size"": 8192, ""gamma"": 0.9988938869184315, ""net_dimension"": 1024, ""net_dims"": [256, 256], ""target_step"": 8192, ""horizon_len"": 2048, ""repeat_times"": 2.0, ""buffer_size"": 2000000, ""buffer_init_size"": 32768, ""eval_gap"": 64, ""eval_times"": 16}, ""alpha"": 0.9720962464834321, ""beta"": 0.3902588503725405, ""sharpe_w"": 0.675408812389064}"
2025-07-20T01:32:42,SINGLE_sac_50trials_250719_140900,trial_049,single,sac,1.141,0.119,0.86,0.2243,0.7059,0.8328,"{""erl"": {""learning_rate"": 3.3351047548892056e-05, ""batch_size"": 4096, ""gamma"": 0.9849482360528601, ""net_dimension"": 512, ""net_dims"": [512, 512], ""target_step"": 8192, ""horizon_len"": 2048, ""repeat_times"": 2.0, ""buffer_size"": 2000000, ""buffer_init_size"": 32768, ""eval_gap"": 64, ""eval_times"": 16}, ""alpha"": 1.1408086912831237, ""beta"": 0.11937051664305849, ""sharpe_w"": 0.8620367904130863}"
