timestamp,series,trial_id,mode,model,return,sharpe,params_json
2025-07-25T12:33:56.539957,NEW_SERIES_SINGLE_sac_50trials_250725_123356,,,,,,
2025-07-25T12:49:12,SINGLE_sac_50trials_250725_123356,trial_000,single,sac,-0.0030,-0.0165,"{""erl"": {""learning_rate"": 1.487565025056096e-05, ""batch_size"": 4096, ""gamma"": 0.9805164638553227, ""net_dimension"": 256, ""net_dims"": [256, 256], ""target_step"": 8192, ""horizon_len"": 2048, ""repeat_times"": 4.0, ""buffer_size"": 1000000, ""buffer_init_size"": 8192, ""eval_gap"": 64, ""eval_times"": 16}}"
2025-07-25T13:04:13,SINGLE_sac_50trials_250725_123356,trial_001,single,sac,-0.0425,-0.2077,"{""erl"": {""learning_rate"": 1.0737365784512682e-05, ""batch_size"": 2048, ""gamma"": 0.9966436499889231, ""net_dimension"": 1024, ""net_dims"": [512, 512], ""target_step"": 8192, ""horizon_len"": 2048, ""repeat_times"": 3.0, ""buffer_size"": 1000000, ""buffer_init_size"": 4096, ""eval_gap"": 64, ""eval_times"": 16}}"
2025-07-25T13:19:32,SINGLE_sac_50trials_250725_123356,trial_002,single,sac,-0.0746,-0.3528,"{""erl"": {""learning_rate"": 1.2340556100636084e-05, ""batch_size"": 4096, ""gamma"": 0.9784954006498623, ""net_dimension"": 1024, ""net_dims"": [256, 256], ""target_step"": 8192, ""horizon_len"": 2048, ""repeat_times"": 2.0, ""buffer_size"": 1000000, ""buffer_init_size"": 8192, ""eval_gap"": 64, ""eval_times"": 16}}"
2025-07-25T13:34:58,SINGLE_sac_50trials_250725_123356,trial_003,single,sac,-0.1353,-0.5764,"{""erl"": {""learning_rate"": 0.0005123542463837287, ""batch_size"": 2048, ""gamma"": 0.9962722963890859, ""net_dimension"": 512, ""net_dims"": [512, 512], ""target_step"": 8192, ""horizon_len"": 2048, ""repeat_times"": 4.0, ""buffer_size"": 1000000, ""buffer_init_size"": 4096, ""eval_gap"": 64, ""eval_times"": 16}}"
2025-07-25T13:50:16,SINGLE_sac_50trials_250725_123356,trial_004,single,sac,-0.0482,-0.2180,"{""erl"": {""learning_rate"": 0.0001892514886298557, ""batch_size"": 1024, ""gamma"": 0.9573071683814989, ""net_dimension"": 256, ""net_dims"": [256, 256], ""target_step"": 8192, ""horizon_len"": 2048, ""repeat_times"": 2.0, ""buffer_size"": 1000000, ""buffer_init_size"": 2048, ""eval_gap"": 64, ""eval_times"": 16}}"
2025-07-25T14:05:26,SINGLE_sac_50trials_250725_123356,trial_005,single,sac,-0.0063,-0.0309,"{""erl"": {""learning_rate"": 0.00016159431904449233, ""batch_size"": 4096, ""gamma"": 0.9897672692178153, ""net_dimension"": 1024, ""net_dims"": [512, 512], ""target_step"": 8192, ""horizon_len"": 2048, ""repeat_times"": 4.0, ""buffer_size"": 1000000, ""buffer_init_size"": 8192, ""eval_gap"": 64, ""eval_times"": 16}}"
2025-07-25T14:20:47,SINGLE_sac_50trials_250725_123356,trial_006,single,sac,-0.0108,-0.0513,"{""erl"": {""learning_rate"": 4.322698518654739e-05, ""batch_size"": 1024, ""gamma"": 0.9859161589239627, ""net_dimension"": 256, ""net_dims"": [1024, 512], ""target_step"": 8192, ""horizon_len"": 2048, ""repeat_times"": 2.0, ""buffer_size"": 1000000, ""buffer_init_size"": 2048, ""eval_gap"": 64, ""eval_times"": 16}}"
2025-07-25T14:35:50,SINGLE_sac_50trials_250725_123356,trial_007,single,sac,-0.0638,-0.3050,"{""erl"": {""learning_rate"": 0.0005296895298596505, ""batch_size"": 4096, ""gamma"": 0.9746348519352813, ""net_dimension"": 1024, ""net_dims"": [512, 256], ""target_step"": 8192, ""horizon_len"": 2048, ""repeat_times"": 4.0, ""buffer_size"": 1000000, ""buffer_init_size"": 8192, ""eval_gap"": 64, ""eval_times"": 16}}"
2025-07-25T14:51:18,SINGLE_sac_50trials_250725_123356,trial_008,single,sac,-0.0654,-0.3197,"{""erl"": {""learning_rate"": 0.000145332206208043, ""batch_size"": 2048, ""gamma"": 0.9878768450366535, ""net_dimension"": 256, ""net_dims"": [512, 512], ""target_step"": 8192, ""horizon_len"": 2048, ""repeat_times"": 2.0, ""buffer_size"": 1000000, ""buffer_init_size"": 4096, ""eval_gap"": 64, ""eval_times"": 16}}"
2025-07-25T15:06:30,SINGLE_sac_50trials_250725_123356,trial_009,single,sac,-0.0059,-0.0286,"{""erl"": {""learning_rate"": 0.00012225266250937835, ""batch_size"": 512, ""gamma"": 0.9747355960137603, ""net_dimension"": 512, ""net_dims"": [256, 256], ""target_step"": 8192, ""horizon_len"": 2048, ""repeat_times"": 2.0, ""buffer_size"": 1000000, ""buffer_init_size"": 1024, ""eval_gap"": 64, ""eval_times"": 16}}"
2025-07-25T15:21:30,SINGLE_sac_50trials_250725_123356,trial_010,single,sac,0.0011,0.0055,"{""erl"": {""learning_rate"": 3.46338099857048e-05, ""batch_size"": 512, ""gamma"": 0.956891284216584, ""net_dimension"": 256, ""net_dims"": [1024, 512], ""target_step"": 8192, ""horizon_len"": 2048, ""repeat_times"": 3.0, ""buffer_size"": 1000000, ""buffer_init_size"": 1024, ""eval_gap"": 64, ""eval_times"": 16}}"
2025-07-25T15:36:34,SINGLE_sac_50trials_250725_123356,trial_011,single,sac,-0.0294,-0.1506,"{""erl"": {""learning_rate"": 2.847784972608553e-05, ""batch_size"": 512, ""gamma"": 0.9580246355778234, ""net_dimension"": 256, ""net_dims"": [1024, 512], ""target_step"": 8192, ""horizon_len"": 2048, ""repeat_times"": 3.0, ""buffer_size"": 1000000, ""buffer_init_size"": 1024, ""eval_gap"": 64, ""eval_times"": 16}}"
2025-07-25T15:51:29,SINGLE_sac_50trials_250725_123356,trial_012,single,sac,0.0057,0.0294,"{""erl"": {""learning_rate"": 3.981796729526349e-05, ""batch_size"": 512, ""gamma"": 0.9656415408751945, ""net_dimension"": 256, ""net_dims"": [1024, 512], ""target_step"": 8192, ""horizon_len"": 2048, ""repeat_times"": 3.0, ""buffer_size"": 1000000, ""buffer_init_size"": 1024, ""eval_gap"": 64, ""eval_times"": 16}}"
2025-07-25T16:06:24,SINGLE_sac_50trials_250725_123356,trial_013,single,sac,-0.0716,-0.3470,"{""erl"": {""learning_rate"": 5.1530141459426654e-05, ""batch_size"": 512, ""gamma"": 0.9631915342137112, ""net_dimension"": 256, ""net_dims"": [1024, 512], ""target_step"": 8192, ""horizon_len"": 2048, ""repeat_times"": 3.0, ""buffer_size"": 1000000, ""buffer_init_size"": 1024, ""eval_gap"": 64, ""eval_times"": 16}}"
2025-07-29T08:23:59.931954,NEW_SERIES_SINGLE_sac_20trials_250729_082359,,,,,,
2025-07-29T08:39:45,SINGLE_sac_20trials_250729_082359,trial_000,single,sac,-0.0252,-0.1156,"{""erl"": {""learning_rate"": 0.00044918667198674063, ""batch_size"": 512, ""gamma"": 0.9690585181157079, ""net_dimension"": 256, ""net_dims"": [512, 512], ""target_step"": 8192, ""horizon_len"": 2048, ""repeat_times"": 3.0, ""buffer_size"": 1000000, ""buffer_init_size"": 1024, ""eval_gap"": 64, ""eval_times"": 16}}"
2025-07-29T08:54:56,SINGLE_sac_20trials_250729_082359,trial_001,single,sac,-0.0833,-0.3974,"{""erl"": {""learning_rate"": 0.00047031650589812935, ""batch_size"": 4096, ""gamma"": 0.9942814741275038, ""net_dimension"": 1024, ""net_dims"": [1024, 512], ""target_step"": 8192, ""horizon_len"": 2048, ""repeat_times"": 3.0, ""buffer_size"": 1000000, ""buffer_init_size"": 8192, ""eval_gap"": 64, ""eval_times"": 16}}"
2025-07-29T09:10:32,SINGLE_sac_20trials_250729_082359,trial_002,single,sac,0.0170,0.0828,"{""erl"": {""learning_rate"": 0.00011231914728968768, ""batch_size"": 1024, ""gamma"": 0.9782044059877819, ""net_dimension"": 512, ""net_dims"": [256, 256], ""target_step"": 8192, ""horizon_len"": 2048, ""repeat_times"": 4.0, ""buffer_size"": 1000000, ""buffer_init_size"": 2048, ""eval_gap"": 64, ""eval_times"": 16}}"
2025-07-29T09:26:17,SINGLE_sac_20trials_250729_082359,trial_003,single,sac,-0.0477,-0.2524,"{""erl"": {""learning_rate"": 0.0004728636806783985, ""batch_size"": 512, ""gamma"": 0.9626166712530619, ""net_dimension"": 512, ""net_dims"": [512, 512], ""target_step"": 8192, ""horizon_len"": 2048, ""repeat_times"": 2.0, ""buffer_size"": 1000000, ""buffer_init_size"": 1024, ""eval_gap"": 64, ""eval_times"": 16}}"
2025-07-29T09:42:15,SINGLE_sac_20trials_250729_082359,trial_004,single,sac,-0.0520,-0.2671,"{""erl"": {""learning_rate"": 1.7683552222297278e-05, ""batch_size"": 2048, ""gamma"": 0.9792508282946277, ""net_dimension"": 512, ""net_dims"": [512, 256], ""target_step"": 8192, ""horizon_len"": 2048, ""repeat_times"": 3.0, ""buffer_size"": 1000000, ""buffer_init_size"": 4096, ""eval_gap"": 64, ""eval_times"": 16}}"
2025-07-29T09:58:01,SINGLE_sac_20trials_250729_082359,trial_005,single,sac,-0.0142,-0.0706,"{""erl"": {""learning_rate"": 0.0008643667513948885, ""batch_size"": 2048, ""gamma"": 0.9948891473118375, ""net_dimension"": 512, ""net_dims"": [512, 256], ""target_step"": 8192, ""horizon_len"": 2048, ""repeat_times"": 4.0, ""buffer_size"": 1000000, ""buffer_init_size"": 4096, ""eval_gap"": 64, ""eval_times"": 16}}"
2025-07-29T10:13:29,SINGLE_sac_20trials_250729_082359,trial_006,single,sac,0.0401,0.2243,"{""erl"": {""learning_rate"": 8.459352989513962e-05, ""batch_size"": 512, ""gamma"": 0.9892130048067193, ""net_dimension"": 512, ""net_dims"": [1024, 512], ""target_step"": 8192, ""horizon_len"": 2048, ""repeat_times"": 4.0, ""buffer_size"": 1000000, ""buffer_init_size"": 1024, ""eval_gap"": 64, ""eval_times"": 16}}"
2025-07-29T10:29:21,SINGLE_sac_20trials_250729_082359,trial_007,single,sac,-0.0726,-0.3343,"{""erl"": {""learning_rate"": 4.595238618565376e-05, ""batch_size"": 512, ""gamma"": 0.9785850033063185, ""net_dimension"": 256, ""net_dims"": [1024, 512], ""target_step"": 8192, ""horizon_len"": 2048, ""repeat_times"": 4.0, ""buffer_size"": 1000000, ""buffer_init_size"": 1024, ""eval_gap"": 64, ""eval_times"": 16}}"
2025-07-29T10:45:24,SINGLE_sac_20trials_250729_082359,trial_008,single,sac,-0.0192,-0.0997,"{""erl"": {""learning_rate"": 8.053291418646766e-05, ""batch_size"": 512, ""gamma"": 0.9513759550123233, ""net_dimension"": 256, ""net_dims"": [512, 512], ""target_step"": 8192, ""horizon_len"": 2048, ""repeat_times"": 3.0, ""buffer_size"": 1000000, ""buffer_init_size"": 1024, ""eval_gap"": 64, ""eval_times"": 16}}"
2025-07-29T11:00:53,SINGLE_sac_20trials_250729_082359,trial_009,single,sac,-0.0325,-0.1588,"{""erl"": {""learning_rate"": 0.000541522186511925, ""batch_size"": 1024, ""gamma"": 0.9925782158043571, ""net_dimension"": 512, ""net_dims"": [512, 512], ""target_step"": 8192, ""horizon_len"": 2048, ""repeat_times"": 3.0, ""buffer_size"": 1000000, ""buffer_init_size"": 2048, ""eval_gap"": 64, ""eval_times"": 16}}"
2025-07-29T11:16:43,SINGLE_sac_20trials_250729_082359,trial_010,single,sac,-0.0454,-0.2334,"{""erl"": {""learning_rate"": 1.0833247279399588e-05, ""batch_size"": 4096, ""gamma"": 0.9872171615762962, ""net_dimension"": 1024, ""net_dims"": [1024, 512], ""target_step"": 8192, ""horizon_len"": 2048, ""repeat_times"": 2.0, ""buffer_size"": 1000000, ""buffer_init_size"": 8192, ""eval_gap"": 64, ""eval_times"": 16}}"
2025-07-29T11:32:27,SINGLE_sac_20trials_250729_082359,trial_011,single,sac,0.0271,0.1317,"{""erl"": {""learning_rate"": 0.00015959777153923602, ""batch_size"": 1024, ""gamma"": 0.98385165317525, ""net_dimension"": 512, ""net_dims"": [256, 256], ""target_step"": 8192, ""horizon_len"": 2048, ""repeat_times"": 4.0, ""buffer_size"": 1000000, ""buffer_init_size"": 2048, ""eval_gap"": 64, ""eval_times"": 16}}"
2025-07-29T11:48:12,SINGLE_sac_20trials_250729_082359,trial_012,single,sac,-0.0409,-0.2079,"{""erl"": {""learning_rate"": 0.00016557892805960358, ""batch_size"": 1024, ""gamma"": 0.985550966143161, ""net_dimension"": 512, ""net_dims"": [256, 256], ""target_step"": 8192, ""horizon_len"": 2048, ""repeat_times"": 4.0, ""buffer_size"": 1000000, ""buffer_init_size"": 2048, ""eval_gap"": 64, ""eval_times"": 16}}"
2025-07-29T12:03:44,SINGLE_sac_20trials_250729_082359,trial_013,single,sac,-0.0399,-0.1941,"{""erl"": {""learning_rate"": 0.0002231601579387071, ""batch_size"": 1024, ""gamma"": 0.9864896013185096, ""net_dimension"": 512, ""net_dims"": [256, 256], ""target_step"": 8192, ""horizon_len"": 2048, ""repeat_times"": 4.0, ""buffer_size"": 1000000, ""buffer_init_size"": 2048, ""eval_gap"": 64, ""eval_times"": 16}}"
2025-07-29T12:19:07,SINGLE_sac_20trials_250729_082359,trial_014,single,sac,-0.0870,-0.4323,"{""erl"": {""learning_rate"": 5.062222728459324e-05, ""batch_size"": 512, ""gamma"": 0.9988590991061566, ""net_dimension"": 1024, ""net_dims"": [256, 256], ""target_step"": 8192, ""horizon_len"": 2048, ""repeat_times"": 4.0, ""buffer_size"": 1000000, ""buffer_init_size"": 1024, ""eval_gap"": 64, ""eval_times"": 16}}"
2025-07-29T12:34:17,SINGLE_sac_20trials_250729_082359,trial_015,single,sac,-0.0366,-0.1858,"{""erl"": {""learning_rate"": 3.118710791634113e-05, ""batch_size"": 1024, ""gamma"": 0.9705824752693818, ""net_dimension"": 512, ""net_dims"": [1024, 512], ""target_step"": 8192, ""horizon_len"": 2048, ""repeat_times"": 4.0, ""buffer_size"": 1000000, ""buffer_init_size"": 2048, ""eval_gap"": 64, ""eval_times"": 16}}"
2025-07-29T12:49:35,SINGLE_sac_20trials_250729_082359,trial_016,single,sac,-0.0332,-0.1641,"{""erl"": {""learning_rate"": 0.00016592456982268477, ""batch_size"": 4096, ""gamma"": 0.9833281873107862, ""net_dimension"": 512, ""net_dims"": [1024, 512], ""target_step"": 8192, ""horizon_len"": 2048, ""repeat_times"": 4.0, ""buffer_size"": 1000000, ""buffer_init_size"": 8192, ""eval_gap"": 64, ""eval_times"": 16}}"
2025-07-29T13:05:04,SINGLE_sac_20trials_250729_082359,trial_017,single,sac,-0.0082,-0.0424,"{""erl"": {""learning_rate"": 7.967157939290749e-05, ""batch_size"": 2048, ""gamma"": 0.9717959312519594, ""net_dimension"": 512, ""net_dims"": [256, 256], ""target_step"": 8192, ""horizon_len"": 2048, ""repeat_times"": 2.0, ""buffer_size"": 1000000, ""buffer_init_size"": 4096, ""eval_gap"": 64, ""eval_times"": 16}}"
2025-07-29T13:20:40,SINGLE_sac_20trials_250729_082359,trial_018,single,sac,-0.0646,-0.3116,"{""erl"": {""learning_rate"": 0.00024121982220794125, ""batch_size"": 512, ""gamma"": 0.9637768085134142, ""net_dimension"": 1024, ""net_dims"": [512, 256], ""target_step"": 8192, ""horizon_len"": 2048, ""repeat_times"": 4.0, ""buffer_size"": 1000000, ""buffer_init_size"": 1024, ""eval_gap"": 64, ""eval_times"": 16}}"
2025-07-29T13:36:33,SINGLE_sac_20trials_250729_082359,trial_019,single,sac,-0.0433,-0.2183,"{""erl"": {""learning_rate"": 3.3288156250218585e-05, ""batch_size"": 1024, ""gamma"": 0.9892734141715193, ""net_dimension"": 256, ""net_dims"": [1024, 512], ""target_step"": 8192, ""horizon_len"": 2048, ""repeat_times"": 4.0, ""buffer_size"": 1000000, ""buffer_init_size"": 2048, ""eval_gap"": 64, ""eval_times"": 16}}"
2025-07-29T14:02:40.549531,NEW_SERIES_SINGLE_sac_20trials_250729_140240,,,,,,
2025-07-29T14:19:54.660890,NEW_SERIES_SINGLE_sac_20trials_250729_141954,,,,,,
2025-07-29T14:35:04,SINGLE_sac_20trials_250729_141954,trial_020,single,sac,-0.0503,-0.2392,"{""erl"": {""learning_rate"": 0.00013090794965865457, ""batch_size"": 1024, ""gamma"": 0.9823797748744612, ""net_dimension"": 512, ""net_dims"": [256, 256], ""target_step"": 8192, ""horizon_len"": 2048, ""repeat_times"": 2.0, ""buffer_size"": 1000000, ""buffer_init_size"": 2048, ""eval_gap"": 64, ""eval_times"": 16}}"
2025-07-29T14:50:26,SINGLE_sac_20trials_250729_141954,trial_021,single,sac,0.0153,0.0781,"{""erl"": {""learning_rate"": 0.00010836158887340374, ""batch_size"": 1024, ""gamma"": 0.9768726828115176, ""net_dimension"": 512, ""net_dims"": [256, 256], ""target_step"": 8192, ""horizon_len"": 2048, ""repeat_times"": 4.0, ""buffer_size"": 1000000, ""buffer_init_size"": 2048, ""eval_gap"": 64, ""eval_times"": 16}}"
2025-07-29T15:06:21,SINGLE_sac_20trials_250729_141954,trial_022,single,sac,-0.0413,-0.2282,"{""erl"": {""learning_rate"": 0.000276716299829879, ""batch_size"": 1024, ""gamma"": 0.9817666041410954, ""net_dimension"": 512, ""net_dims"": [256, 256], ""target_step"": 8192, ""horizon_len"": 2048, ""repeat_times"": 4.0, ""buffer_size"": 1000000, ""buffer_init_size"": 2048, ""eval_gap"": 64, ""eval_times"": 16}}"
2025-07-29T15:21:58,SINGLE_sac_20trials_250729_141954,trial_023,single,sac,-0.0391,-0.1886,"{""erl"": {""learning_rate"": 7.91281711760839e-05, ""batch_size"": 1024, ""gamma"": 0.9895962358788718, ""net_dimension"": 512, ""net_dims"": [256, 256], ""target_step"": 8192, ""horizon_len"": 2048, ""repeat_times"": 4.0, ""buffer_size"": 1000000, ""buffer_init_size"": 2048, ""eval_gap"": 64, ""eval_times"": 16}}"
2025-07-29T15:37:31,SINGLE_sac_20trials_250729_141954,trial_024,single,sac,-0.0068,-0.0346,"{""erl"": {""learning_rate"": 5.632341481468765e-05, ""batch_size"": 1024, ""gamma"": 0.99881179862306, ""net_dimension"": 512, ""net_dims"": [256, 256], ""target_step"": 8192, ""horizon_len"": 2048, ""repeat_times"": 4.0, ""buffer_size"": 1000000, ""buffer_init_size"": 2048, ""eval_gap"": 64, ""eval_times"": 16}}"
2025-07-29T15:53:04,SINGLE_sac_20trials_250729_141954,trial_025,single,sac,-0.0508,-0.2609,"{""erl"": {""learning_rate"": 0.00014310748242038742, ""batch_size"": 512, ""gamma"": 0.9750967828868953, ""net_dimension"": 512, ""net_dims"": [256, 256], ""target_step"": 8192, ""horizon_len"": 2048, ""repeat_times"": 4.0, ""buffer_size"": 1000000, ""buffer_init_size"": 1024, ""eval_gap"": 64, ""eval_times"": 16}}"
2025-07-29T16:08:25,SINGLE_sac_20trials_250729_141954,trial_026,single,sac,0.0136,0.0683,"{""erl"": {""learning_rate"": 0.0003031492538524634, ""batch_size"": 4096, ""gamma"": 0.991111068971656, ""net_dimension"": 512, ""net_dims"": [1024, 512], ""target_step"": 8192, ""horizon_len"": 2048, ""repeat_times"": 4.0, ""buffer_size"": 1000000, ""buffer_init_size"": 8192, ""eval_gap"": 64, ""eval_times"": 16}}"
2025-07-29T16:23:45,SINGLE_sac_20trials_250729_141954,trial_027,single,sac,-0.0520,-0.2665,"{""erl"": {""learning_rate"": 0.00010905331788748066, ""batch_size"": 2048, ""gamma"": 0.9662433375541062, ""net_dimension"": 512, ""net_dims"": [512, 256], ""target_step"": 8192, ""horizon_len"": 2048, ""repeat_times"": 4.0, ""buffer_size"": 1000000, ""buffer_init_size"": 4096, ""eval_gap"": 64, ""eval_times"": 16}}"
2025-07-29T16:39:09,SINGLE_sac_20trials_250729_141954,trial_028,single,sac,-0.0321,-0.1619,"{""erl"": {""learning_rate"": 3.2345913326789526e-05, ""batch_size"": 1024, ""gamma"": 0.9739728307244315, ""net_dimension"": 1024, ""net_dims"": [256, 256], ""target_step"": 8192, ""horizon_len"": 2048, ""repeat_times"": 4.0, ""buffer_size"": 1000000, ""buffer_init_size"": 2048, ""eval_gap"": 64, ""eval_times"": 16}}"
2025-07-29T16:54:30,SINGLE_sac_20trials_250729_141954,trial_029,single,sac,-0.0068,-0.0365,"{""erl"": {""learning_rate"": 0.00018283308261215217, ""batch_size"": 512, ""gamma"": 0.9577332210359915, ""net_dimension"": 256, ""net_dims"": [512, 512], ""target_step"": 8192, ""horizon_len"": 2048, ""repeat_times"": 2.0, ""buffer_size"": 1000000, ""buffer_init_size"": 1024, ""eval_gap"": 64, ""eval_times"": 16}}"
2025-07-29T17:09:51,SINGLE_sac_20trials_250729_141954,trial_030,single,sac,-0.1499,-0.7573,"{""erl"": {""learning_rate"": 0.0003412974107128603, ""batch_size"": 512, ""gamma"": 0.9801611490026959, ""net_dimension"": 256, ""net_dims"": [1024, 512], ""target_step"": 8192, ""horizon_len"": 2048, ""repeat_times"": 3.0, ""buffer_size"": 1000000, ""buffer_init_size"": 1024, ""eval_gap"": 64, ""eval_times"": 16}}"
2025-07-29T17:25:05,SINGLE_sac_20trials_250729_141954,trial_031,single,sac,-0.0158,-0.0813,"{""erl"": {""learning_rate"": 0.0001049895996150825, ""batch_size"": 1024, ""gamma"": 0.9762887776448561, ""net_dimension"": 512, ""net_dims"": [256, 256], ""target_step"": 8192, ""horizon_len"": 2048, ""repeat_times"": 4.0, ""buffer_size"": 1000000, ""buffer_init_size"": 2048, ""eval_gap"": 64, ""eval_times"": 16}}"
2025-07-29T17:40:29,SINGLE_sac_20trials_250729_141954,trial_032,single,sac,-0.0581,-0.2743,"{""erl"": {""learning_rate"": 5.839390936147882e-05, ""batch_size"": 1024, ""gamma"": 0.9843519008496752, ""net_dimension"": 512, ""net_dims"": [256, 256], ""target_step"": 8192, ""horizon_len"": 2048, ""repeat_times"": 4.0, ""buffer_size"": 1000000, ""buffer_init_size"": 2048, ""eval_gap"": 64, ""eval_times"": 16}}"
2025-07-29T17:55:44,SINGLE_sac_20trials_250729_141954,trial_033,single,sac,-0.0220,-0.1098,"{""erl"": {""learning_rate"": 0.00011588348444638087, ""batch_size"": 1024, ""gamma"": 0.9765664951725889, ""net_dimension"": 512, ""net_dims"": [256, 256], ""target_step"": 8192, ""horizon_len"": 2048, ""repeat_times"": 4.0, ""buffer_size"": 1000000, ""buffer_init_size"": 2048, ""eval_gap"": 64, ""eval_times"": 16}}"
2025-07-29T18:11:02,SINGLE_sac_20trials_250729_141954,trial_034,single,sac,-0.0277,-0.1461,"{""erl"": {""learning_rate"": 8.096052759410787e-05, ""batch_size"": 1024, ""gamma"": 0.9724764457859267, ""net_dimension"": 512, ""net_dims"": [256, 256], ""target_step"": 8192, ""horizon_len"": 2048, ""repeat_times"": 4.0, ""buffer_size"": 1000000, ""buffer_init_size"": 2048, ""eval_gap"": 64, ""eval_times"": 16}}"
2025-07-30T09:03:29.221414,NEW_SERIES_SINGLE_sac_13trials_250730_090329,,,,,,
2025-07-30T09:19:17,SINGLE_sac_13trials_250730_090329,trial_036,single,sac,-0.1290,-0.6720,"{""erl"": {""learning_rate"": 0.00021104125740967382, ""batch_size"": 4096, ""gamma"": 0.97852418605781, ""net_dimension"": 512, ""net_dims"": [256, 256], ""target_step"": 8192, ""horizon_len"": 2048, ""repeat_times"": 3.0, ""buffer_size"": 1000000, ""buffer_init_size"": 8192, ""eval_gap"": 64, ""eval_times"": 16}}"
2025-07-30T09:34:53,SINGLE_sac_13trials_250730_090329,trial_037,single,sac,-0.0271,-0.1301,"{""erl"": {""learning_rate"": 0.00038587838889266653, ""batch_size"": 2048, ""gamma"": 0.9687324710585496, ""net_dimension"": 512, ""net_dims"": [512, 256], ""target_step"": 8192, ""horizon_len"": 2048, ""repeat_times"": 4.0, ""buffer_size"": 1000000, ""buffer_init_size"": 4096, ""eval_gap"": 64, ""eval_times"": 16}}"
2025-07-30T09:50:28,SINGLE_sac_13trials_250730_090329,trial_038,single,sac,-0.0419,-0.2152,"{""erl"": {""learning_rate"": 6.698980662360944e-05, ""batch_size"": 1024, ""gamma"": 0.9953288951796012, ""net_dimension"": 1024, ""net_dims"": [512, 512], ""target_step"": 8192, ""horizon_len"": 2048, ""repeat_times"": 4.0, ""buffer_size"": 1000000, ""buffer_init_size"": 2048, ""eval_gap"": 64, ""eval_times"": 16}}"
2025-07-30T10:05:54,SINGLE_sac_13trials_250730_090329,trial_039,single,sac,-0.0067,-0.0308,"{""erl"": {""learning_rate"": 0.0006662956252389987, ""batch_size"": 512, ""gamma"": 0.9794182648525099, ""net_dimension"": 512, ""net_dims"": [1024, 512], ""target_step"": 8192, ""horizon_len"": 2048, ""repeat_times"": 3.0, ""buffer_size"": 1000000, ""buffer_init_size"": 1024, ""eval_gap"": 64, ""eval_times"": 16}}"
2025-07-30T10:21:31,SINGLE_sac_13trials_250730_090329,trial_040,single,sac,-0.0376,-0.1885,"{""erl"": {""learning_rate"": 4.410990513011376e-05, ""batch_size"": 1024, ""gamma"": 0.9886955228640482, ""net_dimension"": 256, ""net_dims"": [256, 256], ""target_step"": 8192, ""horizon_len"": 2048, ""repeat_times"": 2.0, ""buffer_size"": 1000000, ""buffer_init_size"": 2048, ""eval_gap"": 64, ""eval_times"": 16}}"
2025-07-30T10:36:55,SINGLE_sac_13trials_250730_090329,trial_041,single,sac,-0.0295,-0.1641,"{""erl"": {""learning_rate"": 9.231492775028064e-05, ""batch_size"": 512, ""gamma"": 0.9932761166586987, ""net_dimension"": 512, ""net_dims"": [512, 512], ""target_step"": 8192, ""horizon_len"": 2048, ""repeat_times"": 4.0, ""buffer_size"": 1000000, ""buffer_init_size"": 1024, ""eval_gap"": 64, ""eval_times"": 16}}"
2025-07-30T10:52:16,SINGLE_sac_13trials_250730_090329,trial_042,single,sac,-0.0543,-0.2682,"{""erl"": {""learning_rate"": 0.0002939076136243588, ""batch_size"": 4096, ""gamma"": 0.9915118910115212, ""net_dimension"": 512, ""net_dims"": [1024, 512], ""target_step"": 8192, ""horizon_len"": 2048, ""repeat_times"": 4.0, ""buffer_size"": 1000000, ""buffer_init_size"": 8192, ""eval_gap"": 64, ""eval_times"": 16}}"
2025-07-30T11:08:01,SINGLE_sac_13trials_250730_090329,trial_043,single,sac,0.0017,0.0090,"{""erl"": {""learning_rate"": 0.00013375473877988664, ""batch_size"": 4096, ""gamma"": 0.9849330911333556, ""net_dimension"": 512, ""net_dims"": [1024, 512], ""target_step"": 8192, ""horizon_len"": 2048, ""repeat_times"": 4.0, ""buffer_size"": 1000000, ""buffer_init_size"": 8192, ""eval_gap"": 64, ""eval_times"": 16}}"
2025-07-30T11:23:12,SINGLE_sac_13trials_250730_090329,trial_044,single,sac,-0.0120,-0.0634,"{""erl"": {""learning_rate"": 0.00019233565786006562, ""batch_size"": 4096, ""gamma"": 0.9905195074161063, ""net_dimension"": 512, ""net_dims"": [1024, 512], ""target_step"": 8192, ""horizon_len"": 2048, ""repeat_times"": 4.0, ""buffer_size"": 1000000, ""buffer_init_size"": 8192, ""eval_gap"": 64, ""eval_times"": 16}}"
2025-07-30T11:38:40,SINGLE_sac_13trials_250730_090329,trial_045,single,sac,-0.0392,-0.1738,"{""erl"": {""learning_rate"": 0.0005118568930275679, ""batch_size"": 4096, ""gamma"": 0.9868354818330114, ""net_dimension"": 512, ""net_dims"": [1024, 512], ""target_step"": 8192, ""horizon_len"": 2048, ""repeat_times"": 4.0, ""buffer_size"": 1000000, ""buffer_init_size"": 8192, ""eval_gap"": 64, ""eval_times"": 16}}"
2025-07-30T11:54:11,SINGLE_sac_13trials_250730_090329,trial_046,single,sac,-0.0300,-0.1490,"{""erl"": {""learning_rate"": 0.00015380318503012137, ""batch_size"": 4096, ""gamma"": 0.9949485027388008, ""net_dimension"": 512, ""net_dims"": [1024, 512], ""target_step"": 8192, ""horizon_len"": 2048, ""repeat_times"": 4.0, ""buffer_size"": 1000000, ""buffer_init_size"": 8192, ""eval_gap"": 64, ""eval_times"": 16}}"
2025-07-30T12:09:33,SINGLE_sac_13trials_250730_090329,trial_047,single,sac,-0.0230,-0.1071,"{""erl"": {""learning_rate"": 0.0003794516648582719, ""batch_size"": 2048, ""gamma"": 0.9774561190327188, ""net_dimension"": 512, ""net_dims"": [1024, 512], ""target_step"": 8192, ""horizon_len"": 2048, ""repeat_times"": 4.0, ""buffer_size"": 1000000, ""buffer_init_size"": 4096, ""eval_gap"": 64, ""eval_times"": 16}}"
2025-07-30T12:25:01,SINGLE_sac_13trials_250730_090329,trial_048,single,sac,-0.0495,-0.2284,"{""erl"": {""learning_rate"": 0.00024640647890108156, ""batch_size"": 1024, ""gamma"": 0.9817356463195204, ""net_dimension"": 1024, ""net_dims"": [256, 256], ""target_step"": 8192, ""horizon_len"": 2048, ""repeat_times"": 3.0, ""buffer_size"": 1000000, ""buffer_init_size"": 2048, ""eval_gap"": 64, ""eval_times"": 16}}"

